id,label
50,Jan Krans
74,Kees Boersma
52,Reinoud Oosting
27,Martijn Kleppe
83,Ingrid Wakkee
37,Benjamin Johnson
51,Brenda Kronemeijer-Heyink
89,Tom van Engers
14,Julia Schlegelmilch
47,Giulia Ranzini
21,Ruben Izquierdo Bevia
8,Marlous Agterberg
39,Elly Konijn
23,Chantal van Son
84,Jeroen Wolbers
68,Victor de Boer
87,Hein van den Berg
13,Nick Oostervink
73,Frank de Bakker
45,Xanthe Plaisier
59,Ali Khalili
63,Stefan Schlobach
20,Filip Ilievski
56,Frank van Harmelen
3,Samer Faraj
88,Pauline van Wierst
62,Laurens Rietveld
79,Sander Merkus
7,Tibert Verhagen
31,Camiel Beukeboom
70,Serge ter Braake
49,Oliver Glanz
80,Christine Moser
66,Guus Schreiber
12,Jochem Hummel
46,Fam te Poel
69,Tobias Kuhn
65,Jacopo Urbani
78,Floor ten Holder
1,Bart van den Hooff
29,Jolien Arendsen
91,KIN Research VU
28,Luuk Lagerwerf
76,Greetje Corporaal
61,Albert Meroño Peñuela
71,Antoine Isaac
15,Charlotte Vonkeman
30,Wouter van Atteveldt
85,Arianna Betti
41,Wang Long Li
82,Ida Sabelis
67,Lora Aroyo
77,Julie Ferguson
72,Davide Ceolin
0,Marleen Huysman
90,Radboud Winkels
40,André Krouwel
33,Amber Boeynaems
5,Frans Feldberg
24,Kristine Steenbergh
43,Jaap Ouwerkerk
81,Henk Nies
38,Peter Kerkhof
11,Susan Hilbolling
22,Emiel van Miltenburg
6,Maura Soekijad
18,Tommaso Caselli
16,Frithjof Wegener
64,Annette ten Teije
57,Rinke Hoekstra
60,Sara Magliacane
55,Wouter Beek
54,Ulrik Sandborg-Petersen
36,Anita van Hoof
10,Inge van de Weerd
48,Marloes Spekman
19,Marieke van Erp
2,Han Gerrits
53,Wido van Peursen
86,Jeroen Smid
75,Irma Borst
4,Hans Berends
34,Brad Bushman
25,Ben Peperkamp
44,Robert Paauwe
17,Piek Th.J.M. Vossen
35,Allison Eden
