Persoon,Twitter,FB,LinkedIn,Project
Marleen Huysman,@marleenhuysman,,https://www.linkedin.com/in/marleenhuysman,
Bart van den Hooff,@bartvandenhooff,,https://www.linkedin.com/in/bjvandenhooff,
Han Gerrits,@hangerrits,,https://www.linkedin.com/in/hangerrits,
Raghu Garud,,,https://www.linkedin.com/in/raghu-garud-11949bb,
Samer Faraj,,,,
Mario van Vliet,,,https://www.linkedin.com/in/mariov3,
Hans Berends,,,https://www.linkedin.com/in/hans-berends-8044a824,
Frans Feldberg,,,https://www.linkedin.com/in/frans-feldberg-2130654,
Maura Soekijad,@mauravu,,https://www.linkedin.com/in/maurasoekijad,
Philipp Tuertscher,,,https://www.linkedin.com/in/philipp-tuertscher-873bb81,
Tibert Verhagen,,,https://www.linkedin.com/in/verhagen,
Marlous Agterberg,@mrlsagterberg,,https://www.linkedin.com/in/marlousagterberg,
Fleur Deken,,,https://www.linkedin.com/in/fleurdeken,
Frank Derksen,,,https://www.linkedin.com/in/frank-derksen-3195346,
Rosalinde Klein Woolthuis,,,https://www.linkedin.com/in/rosalinde-klein-woolthuis-775a6a5,
Yixin Lu,,,https://www.linkedin.com/in/yixinlu,
Amanda Porter,,,,
Marijn Plomp,,,https://www.linkedin.com/in/marijnplomp,
Mohammad Rezazade Mehrizi,,,,
Jan-Kees Schakel,@sensingclues,,https://www.linkedin.com/in/jkschakel,
Gerlof Sijtsma,,,,
Inge van de Weerd,@ingevandeweerd,,https://www.linkedin.com/in/ingevandeweerd,
Martijn van Otterloo,,,,
Anastasia Sergeeva,,,https://www.linkedin.com/in/anastasia-sergeeva-ba238744,
Wendy Günther,,,https://www.linkedin.com/in/wendygunther,
Susan Hilbolling,@susanhilbolling,,https://www.linkedin.com/in/susanhilbolling,
Jochem Hummel,,,https://www.linkedin.com/in/jochemhummel,
Natalja Laurey,,,https://www.linkedin.com/in/nataljalaurey,
Nick Oostervink,,,https://www.linkedin.com/in/nickoostervink,
Montserrat Prats López,,,https://www.linkedin.com/in/montserratpratslopez,
Julia Schlegelmilch,@schlegelmilch_j,,https://www.linkedin.com/in/jschlegelmilch,
Charlotte Vonkeman,,,https://www.linkedin.com/in/charlottevonkeman,
Frithjof Wegener,@frithjofthinks,,https://www.linkedin.com/in/frithjofwegener,
Kaoutar Sakaqui,,,https://www.linkedin.com/in/kaoutarsakaqui,
Ellen van Ombergen,,,https://www.linkedin.com/in/ellen-ombergen-van-718a8a24,
Piek Th.J.M. Vossen,,https://www.facebook.com/piek.vossen,https://www.linkedin.com/in/piekvossen,
Tommaso Caselli,,,,
Marieke van Erp,,,https://www.linkedin.com/in/marieke-van-erp-b448701,
Antske Fokkens,,,https://www.linkedin.com/in/antske,
Paul Huygen,,,,
Filip Ilievski,@earthling91,,https://www.linkedin.com/in/filip-ilievski-46803973,
Ruben Izquierdo Bevia,@ruben_vua,,https://www.linkedin.com/in/rub%C3%A9n-izquierdo-bevi%C3%A1-b0824b38,
Minh Ngoc Le,,,,
Emiel van Miltenburg,,,,
Roser Morante,,,https://www.linkedin.com/in/roser-morante-6984535,
Marten Postma,,,https://www.linkedin.com/in/marten-postma-89861a3a,
Chantal van Son,@ChantalvanSon,,https://www.linkedin.com/in/chantal-van-son-0561b978,
Hennie van der Vliet,,,https://www.linkedin.com/in/hennie-van-der-vliet-512869,
Babs Boter,,,https://www.linkedin.com/in/babs-boter-1814b866,
Anita Raghunath,,,https://www.linkedin.com/in/anita-raghunath-71070665,
Amrita Das,,,,
Andrew Niemeyer,,https://www.facebook.com/laradagast,,
Roel van den Oever,,https://www.facebook.com/people/Roel-Van-Den-Oever/100009348904975,https://www.linkedin.com/in/roelvandenoever,
Diederik Oostdijk,,,https://www.linkedin.com/in/diederik-oostdijk-46b14519,
Kristine Steenbergh,@steenbergh,,https://www.linkedin.com/in/ksteenbergh,
Ben Peperkamp,@bpeperkamp,,https://www.linkedin.com/in/ben-peperkamp-53941a1a,
Eric Akkerman,,,,
Petra Bos,,,,
Maaike van den Haak,,,https://www.linkedin.com/in/maaike-van-den-haak-67127829,
Nel de Jong,,,https://www.linkedin.com/in/neldejong,
Fleur van der Houwen,,,https://www.linkedin.com/in/fleur-van-der-houwen-9224a24,
Anna Kaal,,,https://www.linkedin.com/in/annakaal,
Martijn Kleppe,@MartijnKleppe,,https://www.linkedin.com/in/martijnkleppe,
Tina Krennmayr,,,,
Luuk Lagerwerf,,,https://www.linkedin.com/in/luuk-lagerwerf-61367414,
Monique Lamers,,,https://www.linkedin.com/in/monique-lamers-61739534,
Carmen Ripa de la Concepción,,,https://www.linkedin.com/in/carmen-ripa-de-la-concepci%C3%B3n-70682916,
Marca Schasfoort,,,https://www.linkedin.com/in/marca-schasfoort-95729b1,
Ben Stuyvenberg,,,,
Maurice Vliegen,,,https://www.linkedin.com/in/maurice-vliegen-6109858,
Lourens de Vries,,,,
Jolien Arendsen,@joolien,,https://www.linkedin.com/in/jolien-arendsen-7495961a,
Wouter van Atteveldt,@vanatteveldt,,https://www.linkedin.com/in/wouter-van-atteveldt-b747254,
Mirjam Baars,,,https://www.linkedin.com/in/mirjam-baars-5090114,
Jos Bartels,,,https://www.linkedin.com/in/jos-bartels-3b019a3,
Camiel J. Beukeboom,@CamielBeukeboom,,https://www.linkedin.com/in/camiel-beukeboom-a306153,
Chei J. Billedo,,,https://www.linkedin.com/in/chei-billedo-414b534b,
Nicoleta Bălău,,,https://www.linkedin.com/in/nicoleta-balau-0b93814b,
Amber Boeynaems,,,https://www.linkedin.com/in/amber-boeynaems-17257123,
Britta Brugman,,,https://www.linkedin.com/in/brittabrugman,
Christian Burgers,,,https://www.linkedin.com/in/christian-burgers-bab42911,
Brad Bushman,,,,
Allison Eden,@allison_eden,,https://www.linkedin.com/in/allison-eden-5545024,
Anouk den Hamer,,,https://www.linkedin.com/in/anoukdenhamer,
Tilo Hartmann,,,,
Britt Hoeksema,,,,
Anita van Hoof,,,https://www.linkedin.com/in/anita-van-hoof-40666616,
Benjamin Johnson,@benjamin2429,,,
Peter Kerkhof,@PeterKerkhof,,https://www.linkedin.com/in/pkerkhof,
Jan Kleinnijenhuis,,,https://www.linkedin.com/in/jan-kleinnijenhuis-a464798,
Celine Klemm,,,https://www.linkedin.com/in/celine-klemm-7a041489,
Elly Konijn,,,https://www.linkedin.com/in/elly-konijn-65ba4312,
Guido van Koningsbruggen,,,https://www.linkedin.com/in/guidovankoningsbruggen,
André Krouwel,@AndreKrouwel,,https://www.linkedin.com/in/andr%C3%A9-krouwel-3485618,
Wang Long Li,@wanglongli,,,
Ewa Miedzobrodzka,,,https://www.linkedin.com/in/ewa-mi%C4%99dzobrodzka-36a0158b,
Dirk Oegema,,,https://www.linkedin.com/in/dirk-oegema-1a41025,
Jaap Ouwerkerk,@JaapOuwerkerk,,,
Robert Paauwe,@Ax38,,https://www.linkedin.com/in/rapaauwe,
Xanthe Plaisier,,,https://www.linkedin.com/in/xanthe-s-plaisier-90b98123,
Fam te Poel,,,https://www.linkedin.com/in/famtepoel,
Anne-Marie van Prooijen,,,https://www.linkedin.com/in/anne-marie-van-prooijen-b4350613,
Giulia Ranzini,@giuliaranzini,,https://www.linkedin.com/in/giuliaranzini,
Jessica Schutten,,,https://www.linkedin.com/in/jessica-schutten-23634226,
Marloes Spekman,@loez23,,https://www.linkedin.com/in/marloes-spekman-89256a16,
Hande Sungur,,,https://www.linkedin.com/in/hande-sungur-0b440195,
Martin Tanis,,,https://www.linkedin.com/in/martin-tanis-a8b44017,
Charles Vaneker,,,https://www.linkedin.com/in/charles-vaneker-50701a5,
Robbert van de Velde,,,,
Jolanda Veldhuis,,,https://www.linkedin.com/in/jolanda-veldhuis-85432942,
Ivar Vermeulen,,,https://www.linkedin.com/in/ivar-vermeulen-10a7836,
Kasper Welbers,,,https://www.linkedin.com/in/kasper-welbers-07215a38,
Coen Wirtz,,,https://www.linkedin.com/in/coen-wirtz-5000464a,
Janet Dyk,,,,
Oliver Glanz,,,https://www.linkedin.com/in/oliver-glanz-38b04739,
G.J. Kalkman,,,,
J.L.H. Krans,,,,
Brenda Kronemeijer-Heyink,,,https://www.linkedin.com/in/brenda-kronemeijer-heyink-b24b7a1b,
Reinoud Oosting,@ReinoudOosting,,https://www.linkedin.com/in/reinoud-oosting-995546b,
Wido van Peursen,@PeursenWTvan,,https://www.linkedin.com/in/peursen,
Ulrik Sandborg-Petersen,,,https://www.linkedin.com/in/ulriksandborgpetersen,
E. Talstra,,,,
Wouter Beek,,,https://www.linkedin.com/in/wouterbeek,
Peter Boncz,,,https://www.linkedin.com/in/peterboncz,
Veruska Carretta Zamborlini,,,https://www.linkedin.com/in/veruska-carretta-zamborlini-80614751,
Huiqin Gao,,,https://www.linkedin.com/in/huiqingao,
Frank van Harmelen ,@FrankVanHarmele,,https://www.linkedin.com/in/frankvanharmelen,
Rinke Hoekstra,@RinkeHoekstra,,https://www.linkedin.com/in/rinke-hoekstra-0289aa2,
Qing Hu,,,,
Zhisheng Huang,,,https://www.linkedin.com/in/zhisheng-huang-8297a44,
Ali Khalili,@hyperir,,https://www.linkedin.com/in/ali1k,
Antonis Loizou,,,https://www.linkedin.com/in/antonis-loizou-a49b7b104,
Sara Magliacane,@saramagliacane,https://www.facebook.com/sara.magliacane3,https://www.linkedin.com/in/magliacane,
Albert Meroño Peñuela,@albertmeronyo,,https://www.linkedin.com/in/albert-mero%C3%B1o-pe%C3%B1uela-756b7422,
Laurens Rietveld,,,https://www.linkedin.com/in/laurens-rietveld-390a87a,
Stefan Schlobach,,,https://www.linkedin.com/in/stefan-schlobach-2104b94,
Annette ten Teije,,,,
Jacopo Urbani,@jrbn,https://www.facebook.com/jacopo.urbani,https://www.linkedin.com/in/jacopo-urbani-78635623,
Guus Schreiber,,,https://www.linkedin.com/in/guus-schreiber-4702b51,
Hans Akkermans,,,,
Jan Top ,,,,
Lora Aroyo,@laroyo,https://www.facebook.com/lora.aroyo,https://www.linkedin.com/in/laroyo,
Jacco van Ossenbruggen,,,https://www.linkedin.com/in/jrvosse,
Victor de Boer,@victordeboer,,https://www.linkedin.com/in/vdeboer,
Tobias Kuhn,@txkuhn,,https://www.linkedin.com/in/tkuhn,
Jan Wielemaker,,,,
Serge ter Braake,@SergeterBraake,,https://www.linkedin.com/in/serge-ter-braake-240a0036,
Antoine Isaac,@antoine_isaac,,,
Davide Ceolin,,,https://www.linkedin.com/in/davideceolin,
Chris Welty,,,,
Frank de Bakker,,,https://www.linkedin.com/in/frankdebakker,
Bianca Beersma,,,https://www.linkedin.com/in/bianca-beersma-a627ba10,
Freek van Berkel,,,https://www.linkedin.com/in/freek-van-berkel-aa46a129,
Peter van den Besselaar,,,https://www.linkedin.com/in/peter-van-den-besselaar-51344225,
Kees Boersma,,,,
Irma Borst,,,https://www.linkedin.com/in/irma-borst-524692,
Françoise Companjen,,,,
Greetje Corporaal,@GF_Corporaal,,,
C. van Dyck,,,,
A.L. van den Ende,,,,
Julie Ferguson,@juulferg,,,
M. van der Gaag,,,,
L. Glimmerveen,,,,
P. Groenewegen,,,,
I.R. Hellsten,,,,
Floor ten Holder,,,,
F. den Hond,,,,
Jori Kalkman,,,,
F.H. Kamsteeg,,,,
A.H. van Marrewijk,,,,
Sander Merkus,,,,
C. Moser,,,,
Henk Nies,,,,
Antonie van Nistelrooij,,,,
David Passenier,,,,
C.H. Roessingh,,,,
I.H.J. Sabelis,,,,
P.C. van der Sijde,,,,
M.J. Spierenburg,,,,
Yvette Taminiau,,,,
P.S.C. van Teunenbroek,,,,
Marcel Veenswijk,,,,
Michiel Verver,,,,
I. Wakkee,,,,
Thijs Willems,,,,
J.J. Wolbers,,,,
Sierk Ybema,,,,
Arianna Betti,,,,
Jeroen Smid,,,,
Hein van den Berg,,,,
Pauline van Wierst,,,,
Joost Breuker,,,,
Tom van Engers,,,,
Radboud Winkels,,,,
Alexander Boer,,,,
Giovanni Sileno,,,,
